X,Y,track_fid,track_seg_id,track_seg_point_id,ele,time,magvar,geoidheight,name,cmt,desc,src,link1_href,link1_text,link1_type,link2_href,link2_text,link2_type,sym,type,fix,sat,hdop,vdop,pdop,ageofdgpsdata,dgpsid,speed
6.5747815,46.5420832,0,0,0,534.603,2020/07/27 11:49:33+00,,,,,,,,,,,,,,,,,48,,,,,1.72
6.5750736,46.5421493,0,0,1,492.145,2020/07/27 11:49:35+00,,,,,,,,,,,,,,,,,32,,,,,
6.5750736,46.5421493,0,0,2,492.533,2020/07/27 11:49:36+00,,,,,,,,,,,,,,,,,24,,,,,
6.5749041,46.5420945,0,0,3,496.478,2020/07/27 11:49:37+00,,,,,,,,,,,,,,,,,16,,,,,
6.5749041,46.5420945,0,0,4,494.232,2020/07/27 11:49:38+00,,,,,,,,,,,,,,,,,12,,,,,
6.5749041,46.5420945,0,0,5,490.67,2020/07/27 11:49:40+00,,,,,,,,,,,,,,,,,12,,,,,
6.5749041,46.5420945,0,0,6,491.29,2020/07/27 11:49:41+00,,,,,,,,,,,,,,,,,12,,,,,
6.5749041,46.5420945,0,0,7,490.077,2020/07/27 11:49:43+00,,,,,,,,,,,,,,,,,8,,,,,
6.5749041,46.5420945,0,0,8,489.084,2020/07/27 11:49:44+00,,,,,,,,,,,,,,,,,8,,,,,
6.5748305,46.5421458,0,0,9,488.321,2020/07/27 11:49:46+00,,,,,,,,,,,,,,,,,6,,,,,
6.5748305,46.5421458,0,0,10,487.62,2020/07/27 11:49:47+00,,,,,,,,,,,,,,,,,6,,,,,
6.5748305,46.5421458,0,0,11,487.042,2020/07/27 11:49:48+00,,,,,,,,,,,,,,,,,6,,,,,
6.5748305,46.5421458,0,0,12,485.744,2020/07/27 11:49:50+00,,,,,,,,,,,,,,,,,6,,,,,
6.5748305,46.5421458,0,0,13,485.215,2020/07/27 11:49:51+00,,,,,,,,,,,,,,,,,6,,,,,
6.5748305,46.5421458,0,0,14,485.255,2020/07/27 11:49:52+00,,,,,,,,,,,,,,,,,6,,,,,
6.5748305,46.5421458,0,0,15,484.435,2020/07/27 11:49:54+00,,,,,,,,,,,,,,,,,6,,,,,
6.5748305,46.5421458,0,0,16,484.218,2020/07/27 11:49:55+00,,,,,,,,,,,,,,,,,6,,,,,
6.5748305,46.5421458,0,0,17,483.962,2020/07/27 11:49:56+00,,,,,,,,,,,,,,,,,6,,,,,
6.5748305,46.5421458,0,0,18,483.838,2020/07/27 11:49:57+00,,,,,,,,,,,,,,,,,6,,,,,
6.5748305,46.5421458,0,0,19,483.981,2020/07/27 11:49:59+00,,,,,,,,,,,,,,,,,6,,,,,
6.5748305,46.5421458,0,0,20,484.139,2020/07/27 11:50:01+00,,,,,,,,,,,,,,,,,6,,,,,
6.5748305,46.5421458,0,0,21,484.198,2020/07/27 11:50:02+00,,,,,,,,,,,,,,,,,6,,,,,
6.5748439,46.5421737,0,0,22,484.197,2020/07/27 11:50:04+00,,,,,,,,,,,,,,,,,4,,,,,0.132
6.5748496,46.5421752,0,0,23,484.194,2020/07/27 11:50:05+00,,,,,,,,,,,,,,,,,4,,,,,0.125
6.5748549,46.5421767,0,0,24,484.189,2020/07/27 11:50:06+00,,,,,,,,,,,,,,,,,4,,,,,0.201
6.5748599,46.5421785,0,0,25,484.188,2020/07/27 11:50:07+00,,,,,,,,,,,,,,,,,4,,,,,0.144
6.574869,46.5421816,0,0,26,484.172,2020/07/27 11:50:09+00,,,,,,,,,,,,,,,,,4,,,,,0.268
6.5748907,46.5421965,0,0,27,484.165,2020/07/27 11:50:11+00,,,,,,,,,,,,,,,,,4,,,,,0.225
6.5749241,46.5422175,0,0,28,484.164,2020/07/27 11:50:13+00,,,,,,,,,,,,,,,,,4,,,,,0.35
6.5749487,46.542232,0,0,29,484.164,2020/07/27 11:50:15+00,,,,,,,,,,,,,,,,,4,,,,,0.493
6.5749812,46.5422426,0,0,30,484.168,2020/07/27 11:50:17+00,,,,,,,,,,,,,,,,,3,,,,,0.634
6.5749978,46.5422566,0,0,31,484.174,2020/07/27 11:50:19+00,,,,,,,,,,,,,,,,,3,,,,,0.514
6.5750056,46.5422631,0,0,32,484.18,2020/07/27 11:50:21+00,,,,,,,,,,,,,,,,,3,,,,,0.26
6.5750068,46.5422644,0,0,33,484.182,2020/07/27 11:50:23+00,,,,,,,,,,,,,,,,,3,,,,,0.006
6.5750068,46.5422647,0,0,34,484.183,2020/07/27 11:50:24+00,,,,,,,,,,,,,,,,,3,,,,,0.008
6.5750074,46.5422651,0,0,35,484.186,2020/07/27 11:50:26+00,,,,,,,,,,,,,,,,,3,,,,,0.053
6.5750047,46.5422719,0,0,36,484.204,2020/07/27 11:50:27+00,,,,,,,,,,,,,,,,,3,,,,,0.342
6.5750096,46.5422847,0,0,37,484.235,2020/07/27 11:50:29+00,,,,,,,,,,,,,,,,,3,,,,,0.622
6.5750126,46.5422964,0,0,38,484.249,2020/07/27 11:50:30+00,,,,,,,,,,,,,,,,,3,,,,,0.876
6.5750121,46.5423363,0,0,39,484.273,2020/07/27 11:50:32+00,,,,,,,,,,,,,,,,,4,,,,,0.949
6.5750192,46.5423615,0,0,40,484.293,2020/07/27 11:50:34+00,,,,,,,,,,,,,,,,,4,,,,,1.042
6.5750311,46.5423899,0,0,41,484.309,2020/07/27 11:50:36+00,,,,,,,,,,,,,,,,,4,,,,,1.075
6.5750382,46.5423982,0,0,42,484.316,2020/07/27 11:50:37+00,,,,,,,,,,,,,,,,,4,,,,,1.069
6.5750494,46.5424039,0,0,43,484.323,2020/07/27 11:50:39+00,,,,,,,,,,,,,,,,,4,,,,,1.008
6.5750691,46.542404,0,0,44,484.326,2020/07/27 11:50:41+00,,,,,,,,,,,,,,,,,4,,,,,0.581
6.5750722,46.5424036,0,0,45,484.326,2020/07/27 11:50:42+00,,,,,,,,,,,,,,,,,4,,,,,0.41
6.5750751,46.5424049,0,0,46,484.327,2020/07/27 11:50:44+00,,,,,,,,,,,,,,,,,3,,,,,0.25
6.5750754,46.5424043,0,0,47,484.327,2020/07/27 11:50:45+00,,,,,,,,,,,,,,,,,3,,,,,0.208
6.5750753,46.5424043,0,0,48,484.328,2020/07/27 11:50:46+00,,,,,,,,,,,,,,,,,3,,,,,0.184
6.5750782,46.542405,0,0,49,484.326,2020/07/27 11:50:48+00,,,,,,,,,,,,,,,,,3,,,,,0.177
6.5750827,46.5424022,0,0,50,484.322,2020/07/27 11:50:49+00,,,,,,,,,,,,,,,,,3,,,,,0.27
6.575088,46.5423949,0,0,51,484.314,2020/07/27 11:50:50+00,,,,,,,,,,,,,,,,,3,,,,,0.636
6.575091,46.5423744,0,0,52,484.291,2020/07/27 11:50:52+00,,,,,,,,,,,,,,,,,3,,,,,0.843
6.5751002,46.5423537,0,0,53,484.264,2020/07/27 11:50:54+00,,,,,,,,,,,,,,,,,3,,,,,0.994
6.5751039,46.542335,0,0,54,484.235,2020/07/27 11:50:56+00,,,,,,,,,,,,,,,,,3,,,,,0.999
6.5750953,46.5423303,0,0,55,484.22,2020/07/27 11:50:57+00,,,,,,,,,,,,,,,,,3,,,,,0.992
6.5750984,46.5423242,0,0,56,484.203,2020/07/27 11:50:58+00,,,,,,,,,,,,,,,,,3,,,,,1.002
6.5750885,46.5423104,0,0,57,484.17,2020/07/27 11:51:00+00,,,,,,,,,,,,,,,,,3,,,,,1.008
6.5750842,46.5423056,0,0,58,484.154,2020/07/27 11:51:01+00,,,,,,,,,,,,,,,,,3,,,,,0.994
6.5750763,46.542301,0,0,59,484.137,2020/07/27 11:51:02+00,,,,,,,,,,,,,,,,,3,,,,,0.985
6.5750713,46.5422788,0,0,60,484.1,2020/07/27 11:51:04+00,,,,,,,,,,,,,,,,,3,,,,,0.988
6.5750712,46.5422552,0,0,61,484.067,2020/07/27 11:51:06+00,,,,,,,,,,,,,,,,,3,,,,,0.965
6.5750653,46.5422451,0,0,62,484.052,2020/07/27 11:51:07+00,,,,,,,,,,,,,,,,,3,,,,,0.968
6.5750618,46.5422339,0,0,63,484.036,2020/07/27 11:51:08+00,,,,,,,,,,,,,,,,,3,,,,,0.98
6.5750406,46.5422157,0,0,64,484.005,2020/07/27 11:51:10+00,,,,,,,,,,,,,,,,,3,,,,,0.998
6.5750033,46.5422029,0,0,65,483.976,2020/07/27 11:51:12+00,,,,,,,,,,,,,,,,,3,,,,,1.061
6.5749967,46.5421945,0,0,66,483.962,2020/07/27 11:51:13+00,,,,,,,,,,,,,,,,,3,,,,,1.089
6.5749817,46.5421881,0,0,67,483.949,2020/07/27 11:51:14+00,,,,,,,,,,,,,,,,,3,,,,,1.109
6.5749712,46.542179,0,0,68,483.935,2020/07/27 11:51:15+00,,,,,,,,,,,,,,,,,3,,,,,1.101
6.5749831,46.5421725,0,0,69,483.921,2020/07/27 11:51:16+00,,,,,,,,,,,,,,,,,3,,,,,1.07
6.5749975,46.5421642,0,0,70,483.891,2020/07/27 11:51:18+00,,,,,,,,,,,,,,,,,3,,,,,0.62
6.5749994,46.5421532,0,0,71,483.858,2020/07/27 11:51:20+00,,,,,,,,,,,,,,,,,3,,,,,0.482
6.5750054,46.5421401,0,0,72,483.826,2020/07/27 11:51:22+00,,,,,,,,,,,,,,,,,3,,,,,0.443
6.575026,46.5421257,0,0,73,483.797,2020/07/27 11:51:24+00,,,,,,,,,,,,,,,,,3,,,,,0.744
6.575036,46.5421175,0,0,74,483.785,2020/07/27 11:51:25+00,,,,,,,,,,,,,,,,,3,,,,,0.846
6.5750607,46.5420976,0,0,75,483.761,2020/07/27 11:51:27+00,,,,,,,,,,,,,,,,,3,,,,,0.882
6.5750704,46.542089,0,0,76,483.749,2020/07/27 11:51:28+00,,,,,,,,,,,,,,,,,3,,,,,0.93
6.5751056,46.5420716,0,0,77,483.727,2020/07/27 11:51:30+00,,,,,,,,,,,,,,,,,3,,,,,0.965
6.5751253,46.542063,0,0,78,483.718,2020/07/27 11:51:31+00,,,,,,,,,,,,,,,,,3,,,,,0.98
6.5751546,46.5420499,0,0,79,483.699,2020/07/27 11:51:33+00,,,,,,,,,,,,,,,,,3,,,,,0.991
6.5751702,46.5420467,0,0,80,483.69,2020/07/27 11:51:34+00,,,,,,,,,,,,,,,,,3,,,,,0.987
6.5751997,46.5420344,0,0,81,483.676,2020/07/27 11:51:36+00,,,,,,,,,,,,,,,,,3,,,,,0.991
6.5752248,46.5420205,0,0,82,483.662,2020/07/27 11:51:38+00,,,,,,,,,,,,,,,,,3,,,,,0.996
6.5752407,46.5420145,0,0,83,483.656,2020/07/27 11:51:39+00,,,,,,,,,,,,,,,,,3,,,,,1.001
6.5752757,46.5420111,0,0,84,483.644,2020/07/27 11:51:41+00,,,,,,,,,,,,,,,,,3,,,,,1.005
6.5752902,46.5420083,0,0,85,483.637,2020/07/27 11:51:42+00,,,,,,,,,,,,,,,,,3,,,,,1.009
6.5753159,46.5419977,0,0,86,483.625,2020/07/27 11:51:44+00,,,,,,,,,,,,,,,,,3,,,,,1.003
6.5753399,46.5419897,0,0,87,483.617,2020/07/27 11:51:46+00,,,,,,,,,,,,,,,,,3,,,,,0.999
6.5753673,46.541976,0,0,88,483.612,2020/07/27 11:51:48+00,,,,,,,,,,,,,,,,,3,,,,,1.017
6.5753816,46.5419693,0,0,89,483.609,2020/07/27 11:51:49+00,,,,,,,,,,,,,,,,,3,,,,,1.024
6.5754099,46.5419588,0,0,90,483.605,2020/07/27 11:51:51+00,,,,,,,,,,,,,,,,,3,,,,,1.014
6.5754243,46.5419529,0,0,91,483.604,2020/07/27 11:51:52+00,,,,,,,,,,,,,,,,,3,,,,,1.007
6.5754509,46.5419381,0,0,92,483.604,2020/07/27 11:51:54+00,,,,,,,,,,,,,,,,,3,,,,,1.012
6.5754638,46.5419306,0,0,93,483.604,2020/07/27 11:51:55+00,,,,,,,,,,,,,,,,,3,,,,,1.03
6.5755032,46.5419111,0,0,94,483.607,2020/07/27 11:51:57+00,,,,,,,,,,,,,,,,,3,,,,,1.099
6.5755177,46.5419036,0,0,95,483.608,2020/07/27 11:51:58+00,,,,,,,,,,,,,,,,,3,,,,,1.128
6.5755539,46.5418846,0,0,96,483.613,2020/07/27 11:52:00+00,,,,,,,,,,,,,,,,,3,,,,,1.18
6.575566,46.541877,0,0,97,483.616,2020/07/27 11:52:01+00,,,,,,,,,,,,,,,,,3,,,,,1.188
6.5755936,46.5418625,0,0,98,483.623,2020/07/27 11:52:03+00,,,,,,,,,,,,,,,,,3,,,,,1.171
6.5756149,46.5418534,0,0,99,483.63,2020/07/27 11:52:05+00,,,,,,,,,,,,,,,,,3,,,,,1.142
6.5756388,46.5418476,0,0,100,483.637,2020/07/27 11:52:07+00,,,,,,,,,,,,,,,,,3,,,,,1.103
6.5756525,46.5418422,0,0,101,483.641,2020/07/27 11:52:08+00,,,,,,,,,,,,,,,,,3,,,,,1.093
6.5756818,46.5418281,0,0,102,483.648,2020/07/27 11:52:10+00,,,,,,,,,,,,,,,,,3,,,,,1.076
6.5757203,46.5418228,0,0,103,483.656,2020/07/27 11:52:12+00,,,,,,,,,,,,,,,,,3,,,,,1.093
6.5757397,46.5418191,0,0,104,483.661,2020/07/27 11:52:13+00,,,,,,,,,,,,,,,,,3,,,,,1.102
6.5757852,46.5418127,0,0,105,483.669,2020/07/27 11:52:15+00,,,,,,,,,,,,,,,,,3,,,,,1.132
6.5758046,46.5418055,0,0,106,483.674,2020/07/27 11:52:16+00,,,,,,,,,,,,,,,,,3,,,,,1.144
6.5758219,46.5417954,0,0,107,483.68,2020/07/27 11:52:17+00,,,,,,,,,,,,,,,,,3,,,,,1.136
6.5758616,46.5417852,0,0,108,483.69,2020/07/27 11:52:19+00,,,,,,,,,,,,,,,,,3,,,,,1.141
6.5759077,46.5417778,0,0,109,483.699,2020/07/27 11:52:21+00,,,,,,,,,,,,,,,,,3,,,,,1.156
6.5759456,46.5417767,0,0,110,483.71,2020/07/27 11:52:23+00,,,,,,,,,,,,,,,,,3,,,,,1.173
6.5759683,46.5417727,0,0,111,483.717,2020/07/27 11:52:24+00,,,,,,,,,,,,,,,,,3,,,,,1.195
6.575985,46.5417639,0,0,112,483.724,2020/07/27 11:52:25+00,,,,,,,,,,,,,,,,,3,,,,,1.221
6.5760265,46.5417543,0,0,113,483.741,2020/07/27 11:52:27+00,,,,,,,,,,,,,,,,,3,,,,,1.246
6.5760449,46.5417514,0,0,114,483.751,2020/07/27 11:52:28+00,,,,,,,,,,,,,,,,,3,,,,,1.265
6.5760794,46.5417431,0,0,115,483.773,2020/07/27 11:52:30+00,,,,,,,,,,,,,,,,,3,,,,,1.279
6.5761135,46.5417368,0,0,116,483.795,2020/07/27 11:52:32+00,,,,,,,,,,,,,,,,,3,,,,,1.295
6.576148,46.541726,0,0,117,483.82,2020/07/27 11:52:34+00,,,,,,,,,,,,,,,,,3,,,,,1.311
6.5761633,46.5417217,0,0,118,483.833,2020/07/27 11:52:35+00,,,,,,,,,,,,,,,,,3,,,,,1.319
6.5761785,46.5417178,0,0,119,483.846,2020/07/27 11:52:36+00,,,,,,,,,,,,,,,,,3,,,,,1.327
6.5761942,46.5417129,0,0,120,483.86,2020/07/27 11:52:37+00,,,,,,,,,,,,,,,,,3,,,,,1.331
6.5762255,46.541699,0,0,121,483.89,2020/07/27 11:52:39+00,,,,,,,,,,,,,,,,,3,,,,,1.34
6.5762573,46.5416852,0,0,122,483.923,2020/07/27 11:52:41+00,,,,,,,,,,,,,,,,,3,,,,,1.336
6.576287,46.5416723,0,0,123,483.958,2020/07/27 11:52:43+00,,,,,,,,,,,,,,,,,3,,,,,1.345
6.5763052,46.5416663,0,0,124,483.975,2020/07/27 11:52:44+00,,,,,,,,,,,,,,,,,3,,,,,1.349
6.5763199,46.5416613,0,0,125,483.992,2020/07/27 11:52:45+00,,,,,,,,,,,,,,,,,3,,,,,1.354
6.5763506,46.5416519,0,0,126,484.028,2020/07/27 11:52:47+00,,,,,,,,,,,,,,,,,3,,,,,1.352
6.5763781,46.5416429,0,0,127,484.064,2020/07/27 11:52:49+00,,,,,,,,,,,,,,,,,3,,,,,1.352
6.5764072,46.541632,0,0,128,484.1,2020/07/27 11:52:51+00,,,,,,,,,,,,,,,,,3,,,,,1.352
6.5764206,46.541629,0,0,129,484.12,2020/07/27 11:52:52+00,,,,,,,,,,,,,,,,,3,,,,,1.347
6.5764515,46.5416186,0,0,130,484.161,2020/07/27 11:52:54+00,,,,,,,,,,,,,,,,,3,,,,,1.324
6.5764668,46.5416149,0,0,131,484.182,2020/07/27 11:52:55+00,,,,,,,,,,,,,,,,,3,,,,,1.322
6.5765021,46.5416026,0,0,132,484.226,2020/07/27 11:52:57+00,,,,,,,,,,,,,,,,,3,,,,,1.325
6.5765314,46.541591,0,0,133,484.27,2020/07/27 11:52:59+00,,,,,,,,,,,,,,,,,3,,,,,1.306
6.5765451,46.5415848,0,0,134,484.292,2020/07/27 11:53:00+00,,,,,,,,,,,,,,,,,3,,,,,1.299
6.5765612,46.5415788,0,0,135,484.314,2020/07/27 11:53:01+00,,,,,,,,,,,,,,,,,3,,,,,1.29
6.5765914,46.5415699,0,0,136,484.359,2020/07/27 11:53:03+00,,,,,,,,,,,,,,,,,3,,,,,1.269
6.5766205,46.5415585,0,0,137,484.404,2020/07/27 11:53:05+00,,,,,,,,,,,,,,,,,3,,,,,1.255
6.5766524,46.5415496,0,0,138,484.451,2020/07/27 11:53:07+00,,,,,,,,,,,,,,,,,3,,,,,1.251
6.5766811,46.5415464,0,0,139,484.498,2020/07/27 11:53:09+00,,,,,,,,,,,,,,,,,3,,,,,0.844
6.5766899,46.5415558,0,0,140,484.545,2020/07/27 11:53:11+00,,,,,,,,,,,,,,,,,3,,,,,0.74
6.5767003,46.5415749,0,0,141,484.592,2020/07/27 11:53:13+00,,,,,,,,,,,,,,,,,3,,,,,0.819
6.5767077,46.5415868,0,0,142,484.616,2020/07/27 11:53:14+00,,,,,,,,,,,,,,,,,3,,,,,0.854
6.5767128,46.5415976,0,0,143,484.639,2020/07/27 11:53:15+00,,,,,,,,,,,,,,,,,3,,,,,0.901
6.5767234,46.5416226,0,0,144,484.687,2020/07/27 11:53:17+00,,,,,,,,,,,,,,,,,3,,,,,0.991
6.5767285,46.5416359,0,0,145,484.712,2020/07/27 11:53:18+00,,,,,,,,,,,,,,,,,3,,,,,1.012
6.5767333,46.5416496,0,0,146,484.737,2020/07/27 11:53:19+00,,,,,,,,,,,,,,,,,3,,,,,1.033
6.5767378,46.5416647,0,0,147,484.762,2020/07/27 11:53:20+00,,,,,,,,,,,,,,,,,3,,,,,1.066
6.5767408,46.5416952,0,0,148,484.812,2020/07/27 11:53:22+00,,,,,,,,,,,,,,,,,3,,,,,1.127
6.5767434,46.5417095,0,0,149,484.838,2020/07/27 11:53:23+00,,,,,,,,,,,,,,,,,3,,,,,1.151
6.5767376,46.5417399,0,0,150,484.889,2020/07/27 11:53:25+00,,,,,,,,,,,,,,,,,3,,,,,1.181
6.5767297,46.5417612,0,0,151,484.94,2020/07/27 11:53:27+00,,,,,,,,,,,,,,,,,3,,,,,1.166
6.5767321,46.5417722,0,0,152,484.992,2020/07/27 11:53:29+00,,,,,,,,,,,,,,,,,3,,,,,0.475
6.5767327,46.5417734,0,0,153,484.994,2020/07/27 11:53:30+00,,,,,,,,,,,,,,,,,3,,,,,0.045
6.5767329,46.5417739,0,0,154,485,2020/07/27 11:53:32+00,,,,,,,,,,,,,,,,,3,,,,,0.008
6.5767332,46.541774,0,0,155,485.002,2020/07/27 11:53:33+00,,,,,,,,,,,,,,,,,3,,,,,0.011
6.5767338,46.5417743,0,0,156,485.007,2020/07/27 11:53:35+00,,,,,,,,,,,,,,,,,3,,,,,0.017
6.5767342,46.5417746,0,0,157,485.009,2020/07/27 11:53:36+00,,,,,,,,,,,,,,,,,3,,,,,0.008
6.5767347,46.5417746,0,0,158,485.012,2020/07/27 11:53:37+00,,,,,,,,,,,,,,,,,3,,,,,0.02
6.5767353,46.541775,0,0,159,485.014,2020/07/27 11:53:38+00,,,,,,,,,,,,,,,,,3,,,,,0.012
6.5767357,46.5417752,0,0,160,485.018,2020/07/27 11:53:40+00,,,,,,,,,,,,,,,,,3,,,,,0.027
6.576734,46.5417741,0,0,161,485.02,2020/07/27 11:53:41+00,,,,,,,,,,,,,,,,,3,,,,,0.062
6.5767299,46.541771,0,0,162,485.045,2020/07/27 11:53:43+00,,,,,,,,,,,,,,,,,3,,,,,0.433
6.5767291,46.5417667,0,0,163,485.069,2020/07/27 11:53:45+00,,,,,,,,,,,,,,,,,3,,,,,0.546
6.5767203,46.541737,0,0,164,485.113,2020/07/27 11:53:47+00,,,,,,,,,,,,,,,,,3,,,,,1.106
6.5767188,46.541725,0,0,165,485.134,2020/07/27 11:53:48+00,,,,,,,,,,,,,,,,,3,,,,,1.266
6.5767167,46.541699,0,0,166,485.174,2020/07/27 11:53:50+00,,,,,,,,,,,,,,,,,3,,,,,1.346
6.5767144,46.5416872,0,0,167,485.193,2020/07/27 11:53:51+00,,,,,,,,,,,,,,,,,3,,,,,1.358
6.5767109,46.5416748,0,0,168,485.212,2020/07/27 11:53:52+00,,,,,,,,,,,,,,,,,3,,,,,1.373
6.5767078,46.541662,0,0,169,485.229,2020/07/27 11:53:53+00,,,,,,,,,,,,,,,,,3,,,,,1.389
6.5767,46.5416353,0,0,170,485.263,2020/07/27 11:53:55+00,,,,,,,,,,,,,,,,,3,,,,,1.394
6.5767004,46.5416112,0,0,171,485.296,2020/07/27 11:53:57+00,,,,,,,,,,,,,,,,,3,,,,,1.368
6.576698,46.541601,0,0,172,485.312,2020/07/27 11:53:58+00,,,,,,,,,,,,,,,,,3,,,,,1.356
6.5766958,46.5415893,0,0,173,485.328,2020/07/27 11:53:59+00,,,,,,,,,,,,,,,,,3,,,,,1.342
6.5766925,46.5415665,0,0,174,485.358,2020/07/27 11:54:01+00,,,,,,,,,,,,,,,,,3,,,,,1.311
6.5766859,46.5415434,0,0,175,485.386,2020/07/27 11:54:03+00,,,,,,,,,,,,,,,,,3,,,,,1.288
6.5766852,46.5415113,0,0,176,485.415,2020/07/27 11:54:05+00,,,,,,,,,,,,,,,,,3,,,,,1.293
6.5766792,46.5414979,0,0,177,485.43,2020/07/27 11:54:06+00,,,,,,,,,,,,,,,,,3,,,,,1.306
6.5766827,46.5414811,0,0,178,485.445,2020/07/27 11:54:07+00,,,,,,,,,,,,,,,,,3,,,,,1.326
6.5766818,46.5414518,0,0,179,485.477,2020/07/27 11:54:09+00,,,,,,,,,,,,,,,,,3,,,,,1.342
6.5766829,46.5414375,0,0,180,485.493,2020/07/27 11:54:10+00,,,,,,,,,,,,,,,,,3,,,,,1.343
6.5766813,46.5414091,0,0,181,485.526,2020/07/27 11:54:12+00,,,,,,,,,,,,,,,,,3,,,,,1.357
6.5766758,46.5413816,0,0,182,485.559,2020/07/27 11:54:14+00,,,,,,,,,,,,,,,,,3,,,,,1.369
6.576673,46.5413695,0,0,183,485.576,2020/07/27 11:54:15+00,,,,,,,,,,,,,,,,,3,,,,,1.369
6.5766654,46.5413405,0,0,184,485.609,2020/07/27 11:54:17+00,,,,,,,,,,,,,,,,,3,,,,,1.392
6.5766611,46.5413304,0,0,185,485.625,2020/07/27 11:54:18+00,,,,,,,,,,,,,,,,,3,,,,,1.379
6.5766543,46.54132,0,0,186,485.642,2020/07/27 11:54:19+00,,,,,,,,,,,,,,,,,3,,,,,1.365
6.5766255,46.5413097,0,0,187,485.678,2020/07/27 11:54:21+00,,,,,,,,,,,,,,,,,3,,,,,1.35
6.5765955,46.5413178,0,0,188,485.717,2020/07/27 11:54:23+00,,,,,,,,,,,,,,,,,3,,,,,1.336
6.5765682,46.5413301,0,0,189,485.757,2020/07/27 11:54:25+00,,,,,,,,,,,,,,,,,3,,,,,1.303
6.5765581,46.5413339,0,0,190,485.777,2020/07/27 11:54:26+00,,,,,,,,,,,,,,,,,3,,,,,1.28
6.576548,46.5413384,0,0,191,485.796,2020/07/27 11:54:27+00,,,,,,,,,,,,,,,,,3,,,,,1.258
6.5765209,46.5413411,0,0,192,485.836,2020/07/27 11:54:29+00,,,,,,,,,,,,,,,,,3,,,,,1.227
6.5765056,46.5413425,0,0,193,485.856,2020/07/27 11:54:30+00,,,,,,,,,,,,,,,,,3,,,,,1.207
6.5764767,46.5413428,0,0,194,485.894,2020/07/27 11:54:32+00,,,,,,,,,,,,,,,,,3,,,,,1.186
6.5764179,46.541338,0,0,195,485.933,2020/07/27 11:54:34+00,,,,,,,,,,,,,,,,,3,,,,,1.209
6.5764006,46.5413402,0,0,196,485.952,2020/07/27 11:54:35+00,,,,,,,,,,,,,,,,,3,,,,,1.214
6.5763647,46.5413453,0,0,197,485.99,2020/07/27 11:54:37+00,,,,,,,,,,,,,,,,,3,,,,,1.231
6.5763176,46.5413444,0,0,198,486.029,2020/07/27 11:54:39+00,,,,,,,,,,,,,,,,,3,,,,,1.291
6.5762846,46.5413557,0,0,199,486.067,2020/07/27 11:54:41+00,,,,,,,,,,,,,,,,,3,,,,,1.325
6.5762704,46.5413622,0,0,200,486.086,2020/07/27 11:54:42+00,,,,,,,,,,,,,,,,,3,,,,,1.328
6.5762533,46.541367,0,0,201,486.105,2020/07/27 11:54:43+00,,,,,,,,,,,,,,,,,3,,,,,1.319
6.5762145,46.5413726,0,0,202,486.144,2020/07/27 11:54:45+00,,,,,,,,,,,,,,,,,3,,,,,1.309
6.5761798,46.5413816,0,0,203,486.184,2020/07/27 11:54:47+00,,,,,,,,,,,,,,,,,3,,,,,1.295
6.5761596,46.5413876,0,0,204,486.204,2020/07/27 11:54:48+00,,,,,,,,,,,,,,,,,3,,,,,1.287
6.5761288,46.5414006,0,0,205,486.244,2020/07/27 11:54:50+00,,,,,,,,,,,,,,,,,3,,,,,1.268
6.5761087,46.5414136,0,0,206,486.284,2020/07/27 11:54:52+00,,,,,,,,,,,,,,,,,3,,,,,1.248
6.5761018,46.5414199,0,0,207,486.303,2020/07/27 11:54:53+00,,,,,,,,,,,,,,,,,3,,,,,1.242
6.5760767,46.5414408,0,0,208,486.344,2020/07/27 11:54:55+00,,,,,,,,,,,,,,,,,3,,,,,1.251
6.5760585,46.5414487,0,0,209,486.364,2020/07/27 11:54:56+00,,,,,,,,,,,,,,,,,3,,,,,1.267
6.5760245,46.5414609,0,0,210,486.404,2020/07/27 11:54:58+00,,,,,,,,,,,,,,,,,3,,,,,1.297
6.5759873,46.5414713,0,0,211,486.446,2020/07/27 11:55:00+00,,,,,,,,,,,,,,,,,3,,,,,1.311
6.5759513,46.5414806,0,0,212,486.489,2020/07/27 11:55:02+00,,,,,,,,,,,,,,,,,3,,,,,1.284
6.5759205,46.541484,0,0,213,486.533,2020/07/27 11:55:04+00,,,,,,,,,,,,,,,,,3,,,,,1.256
6.5759059,46.5414879,0,0,214,486.555,2020/07/27 11:55:05+00,,,,,,,,,,,,,,,,,3,,,,,1.248
6.5758703,46.5414987,0,0,215,486.6,2020/07/27 11:55:07+00,,,,,,,,,,,,,,,,,3,,,,,1.239
6.575835,46.5415099,0,0,216,486.646,2020/07/27 11:55:09+00,,,,,,,,,,,,,,,,,3,,,,,1.228
6.5758219,46.5415163,0,0,217,486.668,2020/07/27 11:55:10+00,,,,,,,,,,,,,,,,,3,,,,,1.215
6.5757973,46.5415279,0,0,218,486.711,2020/07/27 11:55:12+00,,,,,,,,,,,,,,,,,3,,,,,1.189
6.575783,46.5415359,0,0,219,486.732,2020/07/27 11:55:13+00,,,,,,,,,,,,,,,,,3,,,,,1.183
6.5757559,46.5415477,0,0,220,486.773,2020/07/27 11:55:15+00,,,,,,,,,,,,,,,,,3,,,,,1.174
6.5757456,46.5415511,0,0,221,486.792,2020/07/27 11:55:16+00,,,,,,,,,,,,,,,,,3,,,,,1.168
6.575712,46.541567,0,0,222,486.829,2020/07/27 11:55:18+00,,,,,,,,,,,,,,,,,3,,,,,1.159
6.5756941,46.5415729,0,0,223,486.846,2020/07/27 11:55:19+00,,,,,,,,,,,,,,,,,3,,,,,1.163
6.575659,46.5415843,0,0,224,486.881,2020/07/27 11:55:21+00,,,,,,,,,,,,,,,,,3,,,,,1.191
6.5756219,46.5416026,0,0,225,486.913,2020/07/27 11:55:23+00,,,,,,,,,,,,,,,,,3,,,,,1.21
6.5756045,46.5416113,0,0,226,486.929,2020/07/27 11:55:24+00,,,,,,,,,,,,,,,,,3,,,,,1.216
6.5755653,46.5416247,0,0,227,486.96,2020/07/27 11:55:26+00,,,,,,,,,,,,,,,,,3,,,,,1.226
6.5755278,46.5416399,0,0,228,486.99,2020/07/27 11:55:28+00,,,,,,,,,,,,,,,,,3,,,,,1.245
6.5754917,46.5416529,0,0,229,487.019,2020/07/27 11:55:30+00,,,,,,,,,,,,,,,,,3,,,,,1.254
6.5754618,46.5416648,0,0,230,487.047,2020/07/27 11:55:32+00,,,,,,,,,,,,,,,,,3,,,,,1.234
6.5754312,46.5416732,0,0,231,487.074,2020/07/27 11:55:34+00,,,,,,,,,,,,,,,,,3,,,,,1.203
6.575382,46.5416777,0,0,232,487.101,2020/07/27 11:55:36+00,,,,,,,,,,,,,,,,,3,,,,,1.215
6.575365,46.5416829,0,0,233,487.114,2020/07/27 11:55:37+00,,,,,,,,,,,,,,,,,3,,,,,1.229
6.575345,46.541688,0,0,234,487.127,2020/07/27 11:55:38+00,,,,,,,,,,,,,,,,,3,,,,,1.245
6.5753125,46.5417018,0,0,235,487.151,2020/07/27 11:55:40+00,,,,,,,,,,,,,,,,,3,,,,,1.253
6.5752968,46.5417082,0,0,236,487.162,2020/07/27 11:55:41+00,,,,,,,,,,,,,,,,,3,,,,,1.248
6.575281,46.5417103,0,0,237,487.173,2020/07/27 11:55:42+00,,,,,,,,,,,,,,,,,3,,,,,1.244
6.575261,46.5417142,0,0,238,487.184,2020/07/27 11:55:43+00,,,,,,,,,,,,,,,,,3,,,,,1.238
6.5752297,46.5417254,0,0,239,487.206,2020/07/27 11:55:45+00,,,,,,,,,,,,,,,,,3,,,,,1.225
6.5752121,46.5417307,0,0,240,487.216,2020/07/27 11:55:46+00,,,,,,,,,,,,,,,,,3,,,,,1.223
6.5751946,46.5417353,0,0,241,487.226,2020/07/27 11:55:47+00,,,,,,,,,,,,,,,,,3,,,,,1.22
6.5751811,46.5417387,0,0,242,487.236,2020/07/27 11:55:48+00,,,,,,,,,,,,,,,,,3,,,,,1.213
6.5751448,46.5417526,0,0,243,487.254,2020/07/27 11:55:50+00,,,,,,,,,,,,,,,,,3,,,,,1.202
6.5751067,46.5417614,0,0,244,487.271,2020/07/27 11:55:52+00,,,,,,,,,,,,,,,,,3,,,,,1.196
6.5750727,46.5417585,0,0,245,487.28,2020/07/27 11:55:53+00,,,,,,,,,,,,,,,,,3,,,,,1.196
6.5750163,46.5417567,0,0,246,487.299,2020/07/27 11:55:55+00,,,,,,,,,,,,,,,,,3,,,,,1.209
6.5750031,46.5417647,0,0,247,487.308,2020/07/27 11:55:56+00,,,,,,,,,,,,,,,,,3,,,,,1.21
6.5749562,46.5417712,0,0,248,487.327,2020/07/27 11:55:58+00,,,,,,,,,,,,,,,,,3,,,,,1.227
6.5749357,46.5417745,0,0,249,487.337,2020/07/27 11:55:59+00,,,,,,,,,,,,,,,,,3,,,,,1.235
6.5748952,46.541784,0,0,250,487.356,2020/07/27 11:56:01+00,,,,,,,,,,,,,,,,,3,,,,,1.27
6.57488,46.5417907,0,0,251,487.365,2020/07/27 11:56:02+00,,,,,,,,,,,,,,,,,3,,,,,1.282
6.5748621,46.5418108,0,0,252,487.382,2020/07/27 11:56:04+00,,,,,,,,,,,,,,,,,3,,,,,1.286
6.5748422,46.5418246,0,0,253,487.398,2020/07/27 11:56:06+00,,,,,,,,,,,,,,,,,3,,,,,1.261
6.5748326,46.5418313,0,0,254,487.405,2020/07/27 11:56:07+00,,,,,,,,,,,,,,,,,3,,,,,1.251
6.5748197,46.5418374,0,0,255,487.411,2020/07/27 11:56:08+00,,,,,,,,,,,,,,,,,3,,,,,1.243
6.574782,46.5418524,0,0,256,487.423,2020/07/27 11:56:10+00,,,,,,,,,,,,,,,,,3,,,,,1.245
6.5747632,46.5418613,0,0,257,487.428,2020/07/27 11:56:11+00,,,,,,,,,,,,,,,,,3,,,,,1.253
6.5747436,46.5418691,0,0,258,487.433,2020/07/27 11:56:12+00,,,,,,,,,,,,,,,,,3,,,,,1.258
6.5747253,46.5418752,0,0,259,487.437,2020/07/27 11:56:13+00,,,,,,,,,,,,,,,,,3,,,,,1.254
6.5746903,46.5418831,0,0,260,487.446,2020/07/27 11:56:15+00,,,,,,,,,,,,,,,,,3,,,,,1.235
6.5746508,46.5418942,0,0,261,487.453,2020/07/27 11:56:17+00,,,,,,,,,,,,,,,,,3,,,,,1.258
6.5746302,46.5419,0,0,262,487.456,2020/07/27 11:56:18+00,,,,,,,,,,,,,,,,,3,,,,,1.276
6.5745949,46.5419096,0,0,263,487.46,2020/07/27 11:56:20+00,,,,,,,,,,,,,,,,,3,,,,,1.283
6.5745773,46.5419145,0,0,264,487.462,2020/07/27 11:56:21+00,,,,,,,,,,,,,,,,,3,,,,,1.285
6.5745596,46.5419191,0,0,265,487.463,2020/07/27 11:56:22+00,,,,,,,,,,,,,,,,,3,,,,,1.287
6.5745419,46.5419248,0,0,266,487.465,2020/07/27 11:56:23+00,,,,,,,,,,,,,,,,,3,,,,,1.291
6.5745041,46.5419351,0,0,267,487.466,2020/07/27 11:56:25+00,,,,,,,,,,,,,,,,,3,,,,,1.312
6.5744692,46.5419427,0,0,268,487.467,2020/07/27 11:56:27+00,,,,,,,,,,,,,,,,,3,,,,,1.311
6.5744524,46.5419467,0,0,269,487.467,2020/07/27 11:56:28+00,,,,,,,,,,,,,,,,,3,,,,,1.307
6.574415,46.5419549,0,0,270,487.465,2020/07/27 11:56:30+00,,,,,,,,,,,,,,,,,3,,,,,1.298
6.5743988,46.5419577,0,0,271,487.464,2020/07/27 11:56:31+00,,,,,,,,,,,,,,,,,3,,,,,1.29
6.5743693,46.5419623,0,0,272,487.462,2020/07/27 11:56:33+00,,,,,,,,,,,,,,,,,3,,,,,1.266
6.5743552,46.5419644,0,0,273,487.46,2020/07/27 11:56:34+00,,,,,,,,,,,,,,,,,3,,,,,1.257
6.5743423,46.5419702,0,0,274,487.457,2020/07/27 11:56:35+00,,,,,,,,,,,,,,,,,3,,,,,1.226
6.5743347,46.5419741,0,0,275,487.454,2020/07/27 11:56:36+00,,,,,,,,,,,,,,,,,3,,,,,1.192
6.5743263,46.541982,0,0,276,487.451,2020/07/27 11:56:37+00,,,,,,,,,,,,,,,,,3,,,,,1.151
6.5743246,46.542001,0,0,277,487.445,2020/07/27 11:56:39+00,,,,,,,,,,,,,,,,,3,,,,,1.117
6.5743265,46.5420246,0,0,278,487.438,2020/07/27 11:56:41+00,,,,,,,,,,,,,,,,,3,,,,,1.139
6.5743307,46.5420505,0,0,279,487.43,2020/07/27 11:56:43+00,,,,,,,,,,,,,,,,,3,,,,,1.164
6.574335,46.5420733,0,0,280,487.423,2020/07/27 11:56:45+00,,,,,,,,,,,,,,,,,3,,,,,1.163
6.574338,46.542083,0,0,281,487.419,2020/07/27 11:56:46+00,,,,,,,,,,,,,,,,,3,,,,,1.14
6.5743401,46.5420915,0,0,282,487.415,2020/07/27 11:56:47+00,,,,,,,,,,,,,,,,,3,,,,,1.106
6.5743451,46.542112,0,0,283,487.406,2020/07/27 11:56:49+00,,,,,,,,,,,,,,,,,3,,,,,1.08
6.5743451,46.5421243,0,0,284,487.401,2020/07/27 11:56:50+00,,,,,,,,,,,,,,,,,3,,,,,1.076
6.5743496,46.5421476,0,0,285,487.393,2020/07/27 11:56:52+00,,,,,,,,,,,,,,,,,3,,,,,1.08
6.5743516,46.5421717,0,0,286,487.386,2020/07/27 11:56:54+00,,,,,,,,,,,,,,,,,3,,,,,1.105
6.5743541,46.5421827,0,0,287,487.382,2020/07/27 11:56:55+00,,,,,,,,,,,,,,,,,3,,,,,1.123
6.5743629,46.5421924,0,0,288,487.379,2020/07/27 11:56:56+00,,,,,,,,,,,,,,,,,3,,,,,1.14
6.574386,46.5422129,0,0,289,487.371,2020/07/27 11:56:58+00,,,,,,,,,,,,,,,,,3,,,,,1.173
6.5743999,46.5422216,0,0,290,487.368,2020/07/27 11:56:59+00,,,,,,,,,,,,,,,,,3,,,,,1.192
6.5744317,46.5422352,0,0,291,487.36,2020/07/27 11:57:01+00,,,,,,,,,,,,,,,,,3,,,,,1.222
6.574472,46.5422417,0,0,292,487.352,2020/07/27 11:57:03+00,,,,,,,,,,,,,,,,,3,,,,,1.266
6.5744944,46.5422443,0,0,293,487.347,2020/07/27 11:57:04+00,,,,,,,,,,,,,,,,,3,,,,,1.29
6.574515,46.5422474,0,0,294,487.342,2020/07/27 11:57:05+00,,,,,,,,,,,,,,,,,3,,,,,1.298
6.5745329,46.5422448,0,0,295,487.338,2020/07/27 11:57:06+00,,,,,,,,,,,,,,,,,3,,,,,1.302
6.574566,46.5422343,0,0,296,487.327,2020/07/27 11:57:08+00,,,,,,,,,,,,,,,,,3,,,,,1.298
6.5745974,46.5422249,0,0,297,487.316,2020/07/27 11:57:10+00,,,,,,,,,,,,,,,,,3,,,,,1.291
6.574613,46.5422209,0,0,298,487.31,2020/07/27 11:57:11+00,,,,,,,,,,,,,,,,,3,,,,,1.28
6.5746385,46.5422135,0,0,299,487.298,2020/07/27 11:57:13+00,,,,,,,,,,,,,,,,,4,,,,,1.263
6.5746669,46.5422016,0,0,300,487.285,2020/07/27 11:57:15+00,,,,,,,,,,,,,,,,,4,,,,,1.271
6.5746845,46.5421949,0,0,301,487.279,2020/07/27 11:57:16+00,,,,,,,,,,,,,,,,,4,,,,,1.278
6.5747164,46.542187,0,0,302,487.265,2020/07/27 11:57:18+00,,,,,,,,,,,,,,,,,4,,,,,1.281
6.5747551,46.5421809,0,0,303,487.253,2020/07/27 11:57:20+00,,,,,,,,,,,,,,,,,3,,,,,1.291
6.5748367,46.5421614,0,0,304,487.241,2020/07/27 11:57:22+00,,,,,,,,,,,,,,,,,3,,,,,1.324
6.5748522,46.5421553,0,0,305,487.235,2020/07/27 11:57:23+00,,,,,,,,,,,,,,,,,3,,,,,1.335
6.5748887,46.5421381,0,0,306,487.223,2020/07/27 11:57:25+00,,,,,,,,,,,,,,,,,3,,,,,1.351
6.5749112,46.5421289,0,0,307,487.217,2020/07/27 11:57:26+00,,,,,,,,,,,,,,,,,3,,,,,1.357
6.5749452,46.5421162,0,0,308,487.204,2020/07/27 11:57:28+00,,,,,,,,,,,,,,,,,3,,,,,1.378
6.5749591,46.5421121,0,0,309,487.197,2020/07/27 11:57:29+00,,,,,,,,,,,,,,,,,3,,,,,1.366
6.5749706,46.5421114,0,0,310,487.19,2020/07/27 11:57:30+00,,,,,,,,,,,,,,,,,3,,,,,1.349
6.5749863,46.5421084,0,0,311,487.184,2020/07/27 11:57:31+00,,,,,,,,,,,,,,,,,3,,,,,0.902
6.5749981,46.5421068,0,0,312,487.177,2020/07/27 11:57:32+00,,,,,,,,,,,,,,,,,3,,,,,0.716
6.5750105,46.5421111,0,0,313,487.162,2020/07/27 11:57:34+00,,,,,,,,,,,,,,,,,3,,,,,0.615
6.5750087,46.5421267,0,0,314,487.147,2020/07/27 11:57:36+00,,,,,,,,,,,,,,,,,3,,,,,0.829
6.5749973,46.5421376,0,0,315,487.139,2020/07/27 11:57:37+00,,,,,,,,,,,,,,,,,3,,,,,0.791
6.5749693,46.5421452,0,0,316,487.122,2020/07/27 11:57:39+00,,,,,,,,,,,,,,,,,3,,,,,0.833
6.5749412,46.5421576,0,0,317,487.105,2020/07/27 11:57:41+00,,,,,,,,,,,,,,,,,3,,,,,0.961
6.5749261,46.5421629,0,0,318,487.096,2020/07/27 11:57:42+00,,,,,,,,,,,,,,,,,3,,,,,0.987
6.5749106,46.5421664,0,0,319,487.087,2020/07/27 11:57:43+00,,,,,,,,,,,,,,,,,3,,,,,1.012
6.5748865,46.5421757,0,0,320,487.069,2020/07/27 11:57:45+00,,,,,,,,,,,,,,,,,3,,,,,0.714
6.5748847,46.5421787,0,0,321,487.068,2020/07/27 11:57:46+00,,,,,,,,,,,,,,,,,3,,,,,0.428
6.5748923,46.5421799,0,0,322,487.05,2020/07/27 11:57:48+00,,,,,,,,,,,,,,,,,3,,,,,0.327
6.5749026,46.5421827,0,0,323,487.031,2020/07/27 11:57:50+00,,,,,,,,,,,,,,,,,3,,,,,0.248
6.5749053,46.5421838,0,0,324,487.03,2020/07/27 11:57:52+00,,,,,,,,,,,,,,,,,3,,,,,0.033
6.5749068,46.5421835,0,0,325,487.02,2020/07/27 11:57:53+00,,,,,,,,,,,,,,,,,3,,,,,0.192
6.5749124,46.5421833,0,0,326,487.001,2020/07/27 11:57:55+00,,,,,,,,,,,,,,,,,4,,,,,0.413
6.5749084,46.542182,0,0,327,486.991,2020/07/27 11:57:57+00,,,,,,,,,,,,,,,,,4,,,,,0.362
6.5749039,46.5421799,0,0,328,486.982,2020/07/27 11:57:58+00,,,,,,,,,,,,,,,,,4,,,,,0.531
6.5748885,46.542172,0,0,329,486.965,2020/07/27 11:58:00+00,,,,,,,,,,,,,,,,,4,,,,,0.743
6.5748865,46.5421749,0,0,330,486.957,2020/07/27 11:58:01+00,,,,,,,,,,,,,,,,,8,,,,,0.713
6.5748946,46.5421753,0,0,331,486.948,2020/07/27 11:58:02+00,,,,,,,,,,,,,,,,,8,,,,,0.646
6.5748893,46.542168,0,0,332,486.932,2020/07/27 11:58:04+00,,,,,,,,,,,,,,,,,8,,,,,0.426
6.574885,46.542158,0,0,333,486.916,2020/07/27 11:58:06+00,,,,,,,,,,,,,,,,,8,,,,,0.304
6.5748782,46.5421565,0,0,334,486.908,2020/07/27 11:58:07+00,,,,,,,,,,,,,,,,,8,,,,,0.266
6.5748811,46.5421509,0,0,335,486.893,2020/07/27 11:58:09+00,,,,,,,,,,,,,,,,,8,,,,,0.243
6.5748783,46.5421501,0,0,336,486.893,2020/07/27 11:58:10+00,,,,,,,,,,,,,,,,,8,,,,,0.011
